gene_id	chr	pos	ref	alt	flank_pos	eqtl_pvalue	prob_ref	prob_alt	delta	abs_delta
AT4G00620	4	261007	G	A	1283	2.97e-10	0.6512364745140076	0.6499826312065125	-0.0012538433074951172	0.0012538433074951172
AT4G23320	4	12190674	C	G	2031	1.05e-09	0.10047350823879242	0.10601318627595901	0.0055396780371665955	0.0055396780371665955
AT5G23840	5	8037632	A	C	2540	1.23e-08	0.42061281204223633	0.4245886504650116	0.0039758384227752686	0.0039758384227752686
AT5G65880	5	26353043	C	T	1270	2.52e-08	0.7361565828323364	0.6491492390632629	-0.08700734376907349	0.08700734376907349
AT1G13310	1	4563061	T	C	1100	8.07e-08	0.20055657625198364	0.20569433271884918	0.0051377564668655396	0.0051377564668655396
AT1G13310	1	4562667	C	G	1494	1.21e-07	0.20055657625198364	0.19766896963119507	-0.0028876066207885742	0.0028876066207885742
AT4G26560	4	13407136	C	T	1952	1.59e-07	0.1710023432970047	0.17672164738178253	0.005719304084777832	0.005719304084777832
AT4G26560	4	13407118	C	G	1970	2.44e-07	0.1710023432970047	0.1771322339773178	0.00612989068031311	0.00612989068031311
AT4G26560	4	13407141	C	T	1947	2.76e-07	0.1710023432970047	0.17213892936706543	0.00113658607006073	0.00113658607006073
AT4G26560	4	13407133	A	T	1955	2.79e-07	0.1710023432970047	0.17738193273544312	0.0063795894384384155	0.0063795894384384155
AT2G22920	2	9752742	G	T	1	2.84e-07	0.16635173559188843	0.16578152775764465	-0.0005702078342437744	0.0005702078342437744
AT4G03050	4	1343855	C	T	1010	2.92e-07	0.4713512361049652	0.47107744216918945	-0.00027379393577575684	0.00027379393577575684
AT2G22920	2	9752848	G	A	107	3.42e-07	0.16635173559188843	0.16839876770973206	0.002047032117843628	0.002047032117843628
AT4G00620	4	261511	C	G	779	5.84e-07	0.6512364745140076	0.6512244343757629	-1.2040138244628906e-05	1.2040138244628906e-05
AT5G65880	5	26352662	A	T	889	7.8e-07	0.7361565828323364	0.7363296747207642	0.00017309188842773438	0.00017309188842773438
AT1G53650	1	20031267	A	T	1353	7.92e-07	0.9104622602462769	0.9108951091766357	0.0004328489303588867	0.0004328489303588867
AT4G00620	4	259793	A	T	2497	8.15e-07	0.6512364745140076	0.6512364745140076	0.0	0.0
