gene_id	chr	pos	ref	alt	flank_pos	eqtl_pvalue	prob_ref	prob_alt	delta	abs_delta	agront_prob_ref	agront_prob_alt	agront_delta	agront_abs_delta
AT4G00620	4	261007	G	A	1283	2.97e-10	0.6512364745140076	0.6499826312065125	-0.0012538433074951	0.0012538433074951	0.11174488067626953	0.11228825	0.0005433708429336548	0.0005433708429336548
AT4G23320	4	12190674	C	G	2031	1.05e-09	0.1004735082387924	0.106013186275959	0.0055396780371665	0.0055396780371665	0.1574387401342392	0.16036534	0.0029266029596328735	0.0029266029596328735
AT5G23840	5	8037632	A	C	2540	1.23e-08	0.4206128120422363	0.4245886504650116	0.0039758384227752	0.0039758384227752	0.21995064616203308	0.2184725	-0.001478150486946106	0.001478150486946106
AT5G65880	5	26353043	C	T	1270	2.52e-08	0.7361565828323364	0.6491492390632629	-0.0870073437690734	0.0870073437690734	0.24476583302021027	0.24314487	-0.001620963215827942	0.001620963215827942
AT1G13310	1	4563061	T	C	1100	8.07e-08	0.2005565762519836	0.2056943327188491	0.0051377564668655	0.0051377564668655	0.14118750393390656	0.14271472	0.0015272200107574463	0.0015272200107574463
AT1G13310	1	4562667	C	G	1494	1.21e-07	0.2005565762519836	0.197668969631195	-0.0028876066207885	0.0028876066207885	0.14118750393390656	0.13980556	-0.0013819485902786255	0.0013819485902786255
AT4G26560	4	13407136	C	T	1952	1.59e-07	0.1710023432970047	0.1767216473817825	0.0057193040847778	0.0057193040847778	0.17062963545322418	0.17062964	0.0	0.0
AT4G26560	4	13407118	C	G	1970	2.44e-07	0.1710023432970047	0.1771322339773178	0.0061298906803131	0.0061298906803131	0.17062963545322418	0.17062964	0.0	0.0
AT4G26560	4	13407141	C	T	1947	2.76e-07	0.1710023432970047	0.1721389293670654	0.0011365860700607	0.0011365860700607	0.17062963545322418	0.17062964	0.0	0.0
AT4G26560	4	13407133	A	T	1955	2.79e-07	0.1710023432970047	0.1773819327354431	0.0063795894384384	0.0063795894384384	0.17062963545322418	0.17062964	0.0	0.0
AT2G22920	2	9752742	G	T	1	2.84e-07	0.1663517355918884	0.1657815277576446	-0.0005702078342437	0.0005702078342437	0.20657572150230408	0.20711942	0.0005436986684799194	0.0005436986684799194
AT4G03050	4	1343855	C	T	1010	2.92e-07	0.4713512361049652	0.4710774421691894	-0.0002737939357757	0.0002737939357757	0.14426635205745697	0.14508447	0.0008181184530258179	0.0008181184530258179
AT2G22920	2	9752848	G	A	107	3.42e-07	0.1663517355918884	0.168398767709732	0.0020470321178436	0.0020470321178436	0.20657572150230408	0.20483977	-0.0017359554767608643	0.0017359554767608643
AT4G00620	4	261511	C	G	779	5.84e-07	0.6512364745140076	0.6512244343757629	-1.2040138244628906e-05	1.2040138244628906e-05	0.11174488067626953	0.101753704	-0.009991176426410675	0.009991176426410675
AT5G65880	5	26352662	A	T	889	7.8e-07	0.7361565828323364	0.7363296747207642	0.0001730918884277	0.0001730918884277	0.24476583302021027	0.2456945	0.0009286701679229736	0.0009286701679229736
AT1G53650	1	20031267	A	T	1353	7.92e-07	0.9104622602462769	0.9108951091766356	0.0004328489303588	0.0004328489303588	0.6917017698287964	0.69105506	-0.0006467103958129883	0.0006467103958129883
AT4G00620	4	259793	A	T	2497	8.15e-07	0.6512364745140076	0.6512364745140076	0.0	0.0	0.11174488067626953	0.11174479	-8.940696716308594e-08	8.940696716308594e-08
